{"MASS": {"Step-1": {"PART-1-1": {"STEERED": 1.3521902474167291e-05}}}, "U": {"Step-1": {"PART-1-1": {"N1560": {"norm": 0.07035024464130402}, "N60": {"1": 0.01978602632880211, "3": -3.886963044182415e-14, "2": -0.04093867540359497}}}}, "E": {"Step-1": {"PART-1-1": {"STEERED": {"1": {"MAX_PRINCIPAL": {"max": 0.0002958620898425579, "sectionPoint": 3, "ele": 1417}}, "0": {"E12": {"max": 0.0006658106576651335, "sectionPoint": 0, "ele": 2}}}}}}, "TSAIW": {"Step-1": {"PART-1-1": {"STEERED": {"1": {"max": 0.0401037223637104, "sectionPoint": 3, "ele": 1}, "0": {"max": 0.03982824832201004, "sectionPoint": 0, "ele": 1}, "2": {"max": 0.03982824832201004, "sectionPoint": 6, "ele": 1}}}}}, "timestamp": "2025-01-21-11_01_19"}