{"MASS": {"Step-1": {"PART-1-1": {"STEERED": 1.3521683285944164e-05}}}, "U": {"Step-1": {"PART-1-1": {"N1560": {"norm": 0.0703512653708458}, "N60": {"1": 0.019786300137639046, "3": -5.915624571141767e-14, "2": -0.04093929007649422}}}}, "E": {"Step-1": {"PART-1-1": {"STEERED": {"1": {"MAX_PRINCIPAL": {"max": 0.00029586642631329596, "sectionPoint": 3, "ele": 1417}}, "0": {"E12": {"max": 0.0006658209022134542, "sectionPoint": 0, "ele": 2}}}}}}, "TSAIW": {"Step-1": {"PART-1-1": {"STEERED": {"1": {"max": 0.04010434076189995, "sectionPoint": 3, "ele": 1}, "0": {"max": 0.039828862994909286, "sectionPoint": 0, "ele": 1}, "2": {"max": 0.039828862994909286, "sectionPoint": 6, "ele": 1}}}}}, "timestamp": "2025-01-14-17_25_58"}