{"MASS": {"Step-1": {"PART-1-1": {"STEERED": 9.413740372110624e-06}}}, "U": {"Step-1": {"PART-1-1": {"N1560": {"norm": 0.049938857555389404}, "N60": {"1": 0.014398903585970402, "3": -4.4101243381992894e-13, "2": -0.026456262916326523}}}}, "E": {"Step-1": {"PART-1-1": {"STEERED": {"1": {"MAX_PRINCIPAL": {"max": 0.0002303478540852666, "sectionPoint": 3, "ele": 1444}}, "0": {"E12": {"max": 0.0003106973599642515, "sectionPoint": 0, "ele": 2}}}}}}, "TSAIW": {"Step-1": {"PART-1-1": {"STEERED": {"1": {"max": 0.03040037490427494, "sectionPoint": 3, "ele": 1}, "0": {"max": 0.023488689213991165, "sectionPoint": 0, "ele": 1443}, "2": {"max": 0.023488689213991165, "sectionPoint": 6, "ele": 1443}}}}}, "timestamp": "2025-02-11-14_06_38"}