{"MASS": {"Step-1": {"PART-1-1": {"STEERED": 1.3495649909600616e-05}}}, "U": {"Step-1": {"PART-1-1": {"N1560": {"norm": 0.07047294080257416}, "N60": {"1": 0.01981891132891178, "3": -1.2059575343545403e-13, "2": -0.04101245105266571}}}}, "E": {"Step-1": {"PART-1-1": {"STEERED": {"1": {"MAX_PRINCIPAL": {"max": 0.00029638365958817303, "sectionPoint": 3, "ele": 1417}}, "0": {"E12": {"max": 0.000667037267703563, "sectionPoint": 0, "ele": 2}}}}}}, "TSAIW": {"Step-1": {"PART-1-1": {"STEERED": {"1": {"max": 0.040177881717681885, "sectionPoint": 3, "ele": 1}, "0": {"max": 0.03990189731121063, "sectionPoint": 0, "ele": 1}, "2": {"max": 0.03990189731121063, "sectionPoint": 6, "ele": 1}}}}}, "timestamp": "2025-01-14-16_15_02"}